t,X_0,X_1,X_2,X_3,X_4,X_5,Z_0,Z_1,Z_2,Z_3,Z_4,Z_5
0.0,0.0,0.0,0.0,0.0,0.0,0.0,1.0,1.0,1.0,1.0,1.0,1.0
0.10033444816053512,-0.20822155832621606,0.07071573477378805,-0.09467803365228657,-0.023820446758733016,0.10402084132110423,-0.20900331491806295,1.0004736243640764,0.9990767532265177,0.999928516238604,1.0000096835418089,1.0004577142263351,1.0002923874476262
0.20066889632107024,-0.2343173350356211,0.11091067741665747,-0.1146397766044946,-0.015543456205517166,0.07166729859849416,-0.2612730739659071,1.0020857766903146,0.9966900775160712,1.0000193885771367,0.9996252992925272,1.000894826628456,1.0021391124819878
0.3010033444816054,-0.21344487684505414,0.13710209735676557,-0.072009578798588,0.021314323290785496,0.03729256827340328,-0.26188941385626957,1.003916686536173,0.9937594883037517,0.9993915280026286,0.9977679207362776,1.0000368354095721,1.0054502622491608
0.4013377926421405,-0.1434410104623325,0.15384999933922994,0.02941251169886936,0.0848725312475331,0.025223079263166387,-0.20456986937195196,1.0032059660616532,0.9908285400872721,0.9953119954087717,0.9933591604041376,0.9974595194528344,1.0071229480936952
0.5016722408026756,-0.029679718664151578,0.16842433440962817,0.1661299401397099,0.16387299487739906,0.05247903450298353,-0.09194873565254287,0.9969052964678046,0.9874061910361325,0.9861136228805123,0.986278332553602,0.9928691787804661,1.0030311922701831
0.6020066889632107,0.11571685743363612,0.1875165119626273,0.3033381269424273,0.24231131653525467,0.1220402348353306,0.06438792462886479,0.9832489516782648,0.9825803230722269,0.9735256630277045,0.977625484480291,0.9855497427816234,0.9901257379220214
0.7023411371237458,0.2755901766600936,0.21470456956049522,0.406293944524121,0.3054818303523883,0.22122899012397895,0.2451909727956629,0.9628865005112914,0.9760187868117327,0.9618699907831763,0.9689104378080536,0.9747584294743766,0.9683228277670791
0.802675585284281,0.43008114304496925,0.24911795102191578,0.4514068382313736,0.3446924166811914,0.32565671140010605,0.42607461245964157,0.9389744492996349,0.9681671306894701,0.9548618632824866,0.9610437058103181,0.961106500554693,0.9411387429087693
0.9030100334448161,0.5594565500754795,0.2859711101993177,0.4340278178191504,0.35897429137533804,0.407447546717248,0.5813369578274542,0.9161890651941135,0.9596004955651656,0.9531676862803824,0.9541287681338309,0.9472797574502043,0.914659989678703
1.0033444816053512,0.6472911580077785,0.31905399995383804,0.37037753925667954,0.3543158819780455,0.4457968930845792,0.6889074582324966,0.8991420062421981,0.9505257741218963,0.9546494095816609,0.9479278884583412,0.9366505602350386,0.8952499189732698
1.1036789297658862,0.6835741045057574,0.34387844510954746,0.2924843869787875,0.3417451260105667,0.4363707500191575,0.7353350302879643,0.8908965840399857,0.9409407863196553,0.9561562275507568,0.9419939992554024,0.9306591027440281,0.8870774743559885
1.2040133779264215,0.6670048132149945,0.3598967987807863,0.2373505862619175,0.3343337842982909,0.39456919973806065,0.719027253723428,0.8921562192506236,0.9308328917322313,0.9546194318001084,0.9352025059239254,0.9275433043862132,0.8907568754942926
1.3043478260869565,0.6056832172199286,0.371065969053838,0.23399141048917266,0.3431279615850849,0.349633930098401,0.6504881894294053,0.9013214796362607,0.9198505933813891,0.9469653275125752,0.9256099816180664,0.9235490898238768,0.9037157695952798
1.4046822742474916,0.5157032250946083,0.38460589078401214,0.29326672940423826,0.3737371084737076,0.33195845473034863,0.5496114740756896,0.915187347312024,0.9069831393719338,0.9302979721138096,0.9112907526736856,0.9150442233716336,0.9217266808889777
1.5050167224080269,0.41787220830849703,0.40817915724438847,0.40461474035623535,0.42553163490238544,0.36036005221646106,0.440972776173622,0.9298234080678687,0.8909944912071894,0.903445439027567,0.8914916800389837,0.8997112727859098,0.9404154069097903
1.605351170568562,0.33353800583843685,0.4466042745274763,0.5410453614956294,0.4935647170881698,0.4356897583506455,0.3483556790652407,0.9412618659587528,0.8712377946702144,0.8688384273460743,0.8669467454604749,0.876877400083712,0.9559722570827586
1.705685618729097,0.28067027616297646,0.49975752335204027,0.670038470961759,0.5715139253005591,0.5424552859359213,0.2898996522279751,0.9458846909298187,0.847934408630324,0.832558560929307,0.8391773617820845,0.847902941838365,0.9651299665661398
1.8060200668896322,0.2708537189520593,0.5624632719991853,0.7649336153216699,0.6529091196525746,0.6552698734256814,0.2751402472760671,0.9406254172853278,0.8219198521437844,0.8018935024037512,0.8098996951680051,0.8166695771987776,0.9649664923314142
1.9063545150501673,0.30739092689264425,0.6257774121853129,0.8112401078726306,0.7287914285472958,0.7459159874057125,0.3044940884597825,0.9231893662342016,0.7945999869967774,0.782153273927025,0.7815669058396284,0.7892848513012335,0.9530193821006212
2.0066889632107023,0.38479014221735747,0.6787580545719875,0.8064142390899427,0.7842910178243838,0.7895294565490549,0.3708274197894619,0.8924612176697979,0.7681912377738711,0.7748955513510557,0.7583210687550618,0.7721855605179316,0.927790570315797
2.1070234113712374,0.49015960292034677,0.7106764898304487,0.7572708707042057,0.8008252720015104,0.7710215256016346,0.4623107445778427,0.8490716948538527,0.7453963789995387,0.7779033315128291,0.7451393379827875,0.7688488146937321,0.8893383781505965
2.2073578595317724,0.6066680943182753,0.7142177085903811,0.679651653939815,0.766892688167471,0.6920543036284282,0.565776035629661,0.7957786737285679,0.7280025692045147,0.786015510877789,0.7443540251873055,0.7768853387742971,0.8395467085069486
2.307692307692308,0.7181577007192178,0.689513703290695,0.5986211757002398,0.6899439676213334,0.5754584831801214,0.6697634857397659,0.7372036103768586,0.7151197694584661,0.79246078275906,0.752467512754244,0.7879779764668569,0.7818550019913294
2.408026755852843,0.8131097840245118,0.6474500078821831,0.5433639586017495,0.5979450858630859,0.4622350157610672,0.7663924497625492,0.6788176711045286,0.7024534329157747,0.7906634295551775,0.7610460970670598,0.7912635359406823,0.7205609107057918
2.508361204013378,0.8864186967820644,0.6098903378560756,0.5363022481458927,0.5281226774688188,0.39938175479081944,0.8515740876143382,0.6256160432300092,0.6833889974821669,0.7758034100142007,0.76101219632667,0.7774725012743473,0.6600267052806279
2.608695652173913,0.9387163060409731,0.6047977405083351,0.5833850588101104,0.510656412100709,0.4226624228804988,0.9238276007877221,0.5810933216509647,0.6513175440313274,0.7456387977865143,0.746045774020768,0.7406417506589867,0.6040812252564604
2.709030100334448,0.9742263351999789,0.6559593100358554,0.6718141648358411,0.5562109441318772,0.5419510962493403,0.9824681188012312,0.5468170107988299,0.6019074871621757,0.7010997810273839,0.7132013948494884,0.6779201298216279,0.5556866009472764
2.809364548494983,0.9983563952750694,0.77045702299685,0.775468355862502,0.6519195229237821,0.735576325034677,1.026025886953306,0.5225069149457813,0.5347716229541011,0.6467320622310085,0.662750987463818,0.5908870337469656,0.5167481147103297
2.9096989966555187,1.0155997711928295,0.9305233490502282,0.8651880016857678,0.7672946745786718,0.956052696250327,1.0517245777254824,0.5064263198650806,0.4550667356648232,0.5897268761027454,0.5988061380028805,0.4891228039813236,0.4879422993667757
3.0100334448160537,1.027853005596682,1.096269567284859,0.9209248023514783,0.8683998662932622,1.1454414157643358,1.0565750378978267,0.49599430617455226,0.3747174029661231,0.5367505256959867,0.5292228400764245,0.3916378543068248,0.4686066392987493
3.1103678929765888,1.0336051760982408,1.2201732551533222,0.9412154436193045,0.9337186013729312,1.25521506543556,1.0396926925122951,0.4885401599609093,0.3106018043861382,0.4903785979783135,0.4630828649422905,0.3214560168567353,0.45688443302449117
3.210702341137124,1.028899493867563,1.2665336142622754,0.9438519734068221,0.96278947860823,1.263076935122064,1.0042668279040035,0.4819581182420499,0.2776033615051058,0.44829107112474215,0.40701962702724753,0.2948098258586818,0.45022599528712354
3.311036789297659,1.0102141231294206,1.2257521277091834,0.9551772866600329,0.9727636027436605,1.1795688901947607,0.9575975823495549,0.474932661075247,0.27995175069067174,0.4060107836028555,0.3630487182920579,0.31261135878156693,0.44604356599557726
3.411371237458194,0.9776460141493704,1.1168376949468963,0.993570641334703,0.9857578376213267,1.0421353254202126,0.9091585191618267,0.46664222274659256,0.30830015259612503,0.3607099796283693,0.328793082841911,0.36078679761447885,0.44215683656770055
3.511705685618729,0.9360585304735637,0.9780015418442851,1.0575545316652069,1.0151048041799018,0.9004119041242036,0.8680452995215314,0.45626012785321035,0.3454389011576238,0.31346478404085754,0.29927457983012345,0.41837016366093394,0.4368806324427621
3.6120401337792645,0.8933794792784729,0.8504912476097867,1.1255272939669374,1.0581420236760173,0.7990653151053129,0.8409585072372955,0.4427136180561171,0.3754311882780986,0.26917499755264135,0.2694698631670606,0.46653655540628214,0.4289422157694047
3.7123745819397995,0.8574352973019596,0.763803112530819,1.1665160833371386,1.0985966030479106,0.7638134070753247,0.8309048267378855,0.42487577853851805,0.389582539932762,0.23442032345761296,0.23723160390058776,0.49351555213552734,0.41748225860984356
3.8127090301003346,0.833396157000565,0.7292429747333029,1.1558088122786936,1.1163668839730303,0.7949427908085448,0.8365685405320541,0.40197569219914914,0.3875170104207281,0.21426395908631948,0.20560082522786174,0.49536619486359784,0.4021742464253884
3.9130434782608696,0.8229601901528759,0.7428606435967395,1.08752075729706,1.0988156584691602,0.8704768116656855,0.852690052082797,0.37388722645549505,0.3749439369020416,0.20985302315327084,0.18251520940075608,0.47464117664763766,0.3832821435489977
4.013377926421405,0.8250802881852277,0.7927225234609331,0.9777547855274719,1.0470830246590748,0.9572717849800999,0.8717797033151665,0.3411250215931581,0.3596378528633118,0.21813622491529444,0.17680715662766588,0.43788961325573067,0.36147851371795037
4.11371237458194,0.8372598831652607,0.8645956818129018,0.8570199694361681,0.9744768403684956,1.0245762732743566,0.8867879578556012,0.30462102864240925,0.3470857552775521,0.23338965764081615,0.19279259779952398,0.3923538145849811,0.3374395480626261
4.214046822742475,0.8564908492445812,0.94386672018987,0.7566116569594151,0.8994990477149705,1.0538681626419815,0.8935899648212273,0.2654772363777718,0.33790188904228274,0.24940229415545154,0.2277209446577183,0.34319060645659516,0.3114376991352402
4.31438127090301,0.8795823498079482,1.0153278411931728,0.6964133273136025,0.8385824176428159,1.0416819538208653,0.8921279597070044,0.224834437590157,0.3284811451820632,0.26134424241361937,0.2736057899352574,0.2928336097791368,0.2831815789261104
4.414715719063545,0.9033212992829868,1.0636202549562819,0.6796743931272247,0.8016952583386071,0.9963917142911987,0.8858911770136739,0.18384616028012188,0.31415204582551254,0.26662395083871887,0.32074382976709154,0.24238675784197827,0.25197789690572014
4.51505016722408,0.9249788421568964,1.076035254405312,0.6960631157319337,0.7911814358241233,0.932541688244409,0.8803359981611429,0.14364771666522283,0.2923080139882658,0.2644057595145607,0.3597127784035603,0.19312583719931717,0.21707823345076385
4.615384615384616,0.9430899818574092,1.0471162584824933,0.7301693731457606,0.8030925811555967,0.8659409485401666,0.8810750737427542,0.10524552881480893,0.2633315418021596,0.2541763327937062,0.3815436601598814,0.14654512857775562,0.17800365822237244
4.7157190635451505,0.9578467987434385,0.9823173923496605,0.770193308444542,0.8299621294343105,0.8105223063954594,0.8922760732742515,0.06935769639711603,0.22916966692624574,0.2344429325644287,0.377932793267561,0.10328248183728471,0.13471552241354212
4.816053511705686,0.9705569592896879,0.8976826217460868,0.8121054838767258,0.8636776862029215,0.7762902950293169,0.9153787895486272,0.03628610886017458,0.1912342593816506,0.20265013575372504,0.3427285203832,0.06235195066288342,0.08760560162956632
4.916387959866221,0.9823710069487823,0.8147940658457297,0.8579557927974325,0.897425291480548,0.767668254008215,0.9482860709711379,0.005865447654545278,0.1493972658770846,0.15655410319726307,0.2741463926237624,0.02152469677041197,0.03734895871055811
5.016722408026756,0.9931077792494777,0.7531925193441508,0.910761984208221,0.9267073322282527,0.7824099182784557,0.9853456825325221,-0.022504545574789838,0.1025315785451454,0.09626923748314023,0.176498630434133,-0.021456755524301766,-0.015289722293848057
5.117056856187291,1.0009057463785878,0.7236866085617706,0.9698458625254681,0.9501741934301126,0.8118208334997737,1.0183823158895777,-0.04973562206146005,0.04978817559517694,0.025759024106897524,0.06068237388465939,-0.06765547854639421,-0.06957816398397274
5.217391304347826,1.0027883828991269,0.7252076267150094,1.0292061255753513,0.9704296841203093,0.8429584071671181,1.0387208418680405,-0.0768333641856738,-0.008408655863858283,-0.047292671609706724,-0.05708812946864637,-0.11636253646421987,-0.12477394621919595
5.317725752508362,0.9957115842873218,0.7463910725859506,1.0791448759844389,0.9933939956345836,0.8627728316419726,1.0397177115191232,-0.10463084292716375,-0.07007221884055646,-0.11368371443586806,-0.15877455001223675,-0.16546271293289344,-0.17992242335109432
5.418060200668896,0.9776274982224139,0.7714246502719726,1.1098038392142282,1.0247009139296244,0.8629577703435998,1.0189758348233426,-0.1335678482928352,-0.13191931422938488,-0.1661916700581854,-0.2296519009599524,-0.2125416987918927,-0.2336314338601391
5.518394648829432,0.9483214467493739,0.7877593575873771,1.1152258913641226,1.0648311766102214,0.8433766209281489,0.9793759080747158,-0.1636006698183914,-0.1899329972261605,-0.2022819347248939,-0.26289761477350965,-0.2559195360400433,-0.2840243745953135
5.618729096989966,0.9098516768177628,0.7918094792505581,1.096917738812007,1.1076848119562344,0.812426347600131,0.9284581438782769,-0.19427018026878054,-0.24018565256396876,-0.2241804264639033,-0.26133174979404306,-0.29480587405473113,-0.3289880449213116
5.719063545150502,0.8663531431867144,0.7894323166788648,1.0653051806142027,1.144564628257535,0.7843619386465913,0.8763683581906462,-0.22490010635789093,-0.280002120245518,-0.236677710190578,-0.23585085160112498,-0.3287773114207117,-0.36663837886676254
5.819397993311037,0.8230999861671385,0.791108947749944,1.0369086496714808,1.1695588013253375,0.7747607798990073,0.8331207059949528,-0.25486007715261666,-0.30924728366083853,-0.2449750290475906,-0.20197418781653761,-0.3575606141241999,-0.3957905899373148
5.919732441471572,0.7851125905843591,0.8050850983516441,1.0267685847336285,1.1810891816280722,0.7952903285095574,0.8060409512166223,-0.28380415861328073,-0.3310486943355477,-0.254301300279967,-0.1761525399968063,-0.3814686283430722,-0.4162564023799175
6.0200668896321075,0.7558706189619279,0.8325757221656445,1.03940190336907,1.178977878138473,0.8488486107987627,0.7980078343163403,-0.3118000973406898,-0.351224973709164,-0.27072547582317674,-0.17244831894176593,-0.4017420671650586,-0.42893675651114077
6.120401337792642,0.7365870593362699,0.867282797372118,1.064149880286826,1.1606680681156833,0.9266505250708926,0.8067866334882264,-0.33931154470208086,-0.3763568506019512,-0.30111519133257136,-0.19954349120638087,-0.42024342991078023,-0.4357745298535162
6.2207357859531776,0.7261634635729415,0.8988430434126345,1.0792640374955,1.1206468161559426,1.0091423134529518,0.8255752161675578,-0.3670612103976996,-0.4113904236021178,-0.3508319875713229,-0.25854150766050754,-0.43907479194047483,-0.43959893893690744
6.321070234113712,0.7216823563424597,0.9178783615689602,1.0636134413282505,1.054462142906864,1.0716457516200542,0.8448046642274234,-0.39584360639642374,-0.4580975782051297,-0.42011095260930387,-0.34271836637925734,-0.46078273311044016,-0.4437998693362501
6.421404682274248,0.7192084052289116,0.919515479741122,1.0089921813404301,0.9645843553844311,1.093141299713438,0.8549366912707833,-0.42635077313624115,-0.5151206123486224,-0.5023029595906063,-0.43997397430455887,-0.4885463136417513,-0.4517614203523507
6.521739130434783,0.7146778009253232,0.9032329136940376,0.9246650580112343,0.8626051011770308,1.0640845345956742,0.8493674730076521,-0.45903905687436297,-0.5791684975256076,-0.5863364237331344,-0.5372081401240888,-0.5252236941092615,-0.46613590276061595
6.622073578595318,0.70467985343832,0.8698350593493943,0.8312482534278641,0.7646768880761319,0.9892425644540496,0.8261306694626778,-0.4940343183148373,-0.6463475845529528,-0.6618253014071228,-0.6244442149383002,-0.5715200560232943,-0.4882390181003802
6.722408026755853,0.6870082601417685,0.8190641015445804,0.7491492106091063,0.6835014951610254,0.8847531949309365,0.7876029200069418,-0.5310696333166931,-0.712955747218553,-0.7227749432556286,-0.6966559131291209,-0.6249238264579706,-0.5178629291584111
6.822742474916388,0.6609780136245358,0.750925409811966,0.6902758716818996,0.6236625195031954,0.7719279938228857,0.7386378115551434,-0.5694673110932603,-0.7756302225365188,-0.7677236362846173,-0.7529734042471138,-0.6804728357122547,-0.5535664375816626
6.923076923076923,0.6275441592175968,0.6702144407967928,0.6577409548834234,0.5837278093428672,0.6710049922520475,0.6843956434852128,-0.6081903207430652,-0.8311015767886747,-0.7976111988341532,-0.79465597240595,-0.7327662942743206,-0.5932256351940965
7.023411371237458,0.5891801345848202,0.5901491910353012,0.6508987779270814,0.562197492751399,0.5967163256285829,0.6289466809559008,-0.6459748741682381,-0.8761088095667986,-0.813944110665459,-0.8234802128346881,-0.7778854348023053,-0.6345568782492479
7.1237458193979935,0.5494478883656583,0.5306672713639403,0.6689071192991454,0.5613005067768234,0.5560881679745958,0.5749411510167726,-0.6815166788726699,-0.9079580718256499,-0.8185950036986621,-0.8412460077706094,-0.8143689200609515,-0.6754548276441948
7.224080267558529,0.5123365143613858,0.5103662044394475,0.7086265712962201,0.5849712112056636,0.5480871436985195,0.5240341707527777,-0.7136486558465929,-0.9255170078327067,-0.8147393805840697,-0.850089031102712,-0.8431757114735136,-0.7141492944694865
7.3244147157190636,0.4815872203267053,0.5356844040084096,0.7591684457882721,0.6323724061757665,0.5644952225569118,0.47760595196900146,-0.7414552419561904,-0.9300162124997211,-0.8076013789228583,-0.8529307502801673,-0.8669729673493772,-0.7492589787489371
7.424749163879599,0.46015768593062595,0.5936333701365908,0.7993783594520621,0.6920672861814984,0.5916710245764389,0.437397247557285,-0.7643190908756419,-0.9254360962009377,-0.8040125084348442,-0.8536624567144593,-0.8891132302654073,-0.7798135360984109
7.525083612040134,0.44981399922411663,0.6538884722372266,0.8029688851354091,0.7421293683181086,0.6134387667286348,0.40572875936236635,-0.7819469078722774,-0.9182954466952744,-0.8104994037982886,-0.8569120807412205,-0.9125496037396841,-0.8052789993193783
7.625418060200669,0.45079560363725407,0.6817311526673483,0.7507268760689173,0.7579152294498833,0.6154385208409732,0.38503133015321117,-0.794428740894608,-0.9159054128415719,-0.8304569812170917,-0.8670971242515783,-0.9388676797712027,-0.8255894554138826
7.725752508361205,0.46155335433062966,0.6556769936102824,0.6432443578599039,0.7237131007223973,0.589937398213346,0.37669749768755767,-0.8023426606150145,-0.9229057200019296,-0.8621298545205095,-0.8866787358944423,-0.9677177676914877,-0.8411715253660427
7.826086956521739,0.47858921831041096,0.5783223713139182,0.5050254110477567,0.6413380692662525,0.5383874500964627,0.3797589840644747,-0.8068510524587603,-0.9386135273948183,-0.8993616301220398,-0.9145821749139386,-0.9970163614562744,-0.8529433326016563
7.926421404682275,0.49650231351197055,0.47335614873196874,0.37572352078556237,0.5310815294604249,0.4698430021058847,0.39018757460110676,-0.809686723222749,-0.9580264733560236,-0.9348265766888539,-0.9462533968886335,-1.0239344554314924,-0.8622607020839369
8.02675585284281,0.5084860748892497,0.3725783324902956,0.29346865213519785,0.4251121606271693,0.3966045957787195,0.40134498223442344,-0.8129335613583517,-0.9755805607358538,-0.9630379078983096,-0.9756761096483714,-1.0461073701461554,-0.8707676012223682
8.127090301003344,0.5074622537414022,0.3021184643605662,0.2795085186389566,0.35582955967177193,0.33003130187301094,0.40547940797912957,-0.8185822163197904,-0.9881549534181885,-0.9814338682703403,-0.9980343466163717,-1.062376853860072,-0.8801151176893464
8.22742474916388,0.4876825038839884,0.2735208635899137,0.3304482039019835,0.34294228699551693,0.27791556233921727,0.3957114570663873,-0.8279660507483648,-0.9955007937186876,-0.9904013131241285,-1.0112754583836119,-1.0727894371282274,-0.8915735105689595
8.327759197324415,0.44629828513285813,0.28113891635564536,0.4201108288491327,0.38490635186396727,0.24320664237895942,0.36785665073112944,-0.8412961740893451,-0.9990577286706758,-0.9931157456567637,-1.0160345719500348,-1.0780933280813505,-0.9056554025048501
8.42809364548495,0.38437866758223826,0.30649775635840487,0.5099789809270026,0.4592238278582776,0.2239243666709906,0.32152670014824286,-0.8575349483518839,-1.000777384011116,-0.9945241085716904,-1.014909472877059,-1.0792642463581132,-0.9219256811473769
8.528428093645486,0.30705942406168485,0.32847355050416044,0.56371001129194,0.5307446401377084,0.21451805819980893,0.2601643984178737,-0.8747274364032673,-1.002479880529585,-0.9990823422359862,-1.012035691849681,-1.077394170253159,-0.9391264677548191
8.62876254180602,0.22273353275005175,0.33388636460372456,0.5592385542113257,0.5634446862881541,0.2087308796576152,0.19005118442514446,-0.8906895341085461,-1.0054085492110219,-1.00864030146256,-1.0124283070694748,-1.0737337808179552,-0.9555951149940103
8.729096989966555,0.14141567410538775,0.3219794841905742,0.49437448305062615,0.5321453018222202,0.203089958328182,0.11873782327509953,-0.9037540586963748,-1.009864248176206,-1.022086712882615,-1.019944878157484,-1.0694824118052462,-0.9697993548027307
8.82943143812709,0.07265408387289009,0.3009923032191122,0.38578788928194796,0.4316331924713223,0.19861507074832646,0.05347187885530599,-0.9132355118080279,-1.0152416754326847,-1.03661396370282,-1.0345217264475735,-1.06537874451377,-0.9807696257526528
8.929765886287626,0.023522023816540547,0.28082362615673806,0.2626397476573996,0.279651827785706,0.19851786319900355,-1.8914134798362806e-05,-0.9194282850484055,-1.020609528165421,-1.0493075165040322,-1.051495636335364,-1.0615563301087498,-0.9882844794021514
9.03010033444816,-0.0027900061327908337,0.267232746794289,0.1562783332455312,0.11136990882957987,0.20342438848829053,-0.03827867023816428,-0.9232056580334,-1.025406123963145,-1.0582350640703402,-1.0646311903364007,-1.0578502626018633,-0.9927841858989996
9.130434782608695,-0.007437693620429534,0.26010565173084216,0.08925078548624762,-0.03299706534508497,0.20895797097536142,-0.06041067658647429,-0.9254801177228843,-1.0296396750236523,-1.0629436939036865,-1.0705297233384992,-1.0542200696620068,-0.995086967787893
9.230769230769232,0.004587741685585275,0.2548123211170757,0.06822931377407832,-0.12260807307873223,0.2081447996582019,-0.06797077960546903,-0.9268095580461839,-1.03349561931947,-1.0644205199912216,-1.0703961720396724,-1.0508655832051321,-0.9960386692923654
9.331103678929766,0.025645131947411307,0.24461581052229478,0.08322390265685366,-0.1470251837410938,0.19580128348183207,-0.06460597598861782,-0.9272972066473957,-1.0368463087451223,-1.0644647793368396,-1.0679364836808294,-1.0479709851806271,-0.9962306612693788
9.431438127090301,0.04687338708482855,0.22296883889479135,0.11179533059237654,-0.11952840419821258,0.17072149632073413,-0.055552371868885626,-0.9267451123715645,-1.0391591322590288,-1.0645707088943435,-1.0659786678877792,-1.0454005263474848,-0.9958727006981202
9.531772575250836,0.05957910284410148,0.1852177475576589,0.12599348654028367,-0.07137856972573574,0.13478129857915735,-0.04699770193927105,-0.9248979964636517,-1.0398026500070607,-1.0649190264218908,-1.064938487788366,-1.0426561333460862,-0.9948262719619234
9.632107023411372,0.056523610262604815,0.12947837614489605,0.10097367705903323,-0.039674754647508394,0.09088132762831704,-0.045238399523524,-0.9216059675665655,-1.0383297555330926,-1.0642602559996757,-1.063581510591028,-1.039044239482551,-0.99272902529075
9.732441471571907,0.03309932992038033,0.05707387202629486,0.024104656848167323,-0.05369725585057515,0.04138028592005337,-0.05562082937502268,-0.9168255500684441,-1.0344476313951405,-1.0608286512181775,-1.0603217369692983,-1.0338042002336398,-0.9891165081712993
9.832775919732441,-0.011767236012600615,-0.026904686067967632,-0.09870297905731598,-0.1242518305514206,-0.012482592008520012,-0.08143716885734867,-0.9105099900569058,-1.0278996018031419,-1.0535952735416327,-1.0538029418204853,-1.0261296154266688,-0.9834889005084034
9.933110367892978,-0.07525463092099144,-0.11364147992416553,-0.24353412190619433,-0.23939702322395406,-0.07003475683819052,-0.1231018879322103,-0.902526957873099,-1.018627112192227,-1.0430458409713392,-1.0432986228778045,-1.0152424904337147,-0.9753438611780912
10.033444816053512,-0.1509974909308223,-0.19294589615712335,-0.37713022444253247,-0.36861373962291666,-0.13002442855390392,-0.17792130805765144,-0.8927207456980961,-1.0071023639850947,-1.031128990006502,-1.0297527629674428,-1.0006428898514288,-0.964240044589028
10.133779264214047,-0.23012881867183374,-0.25794552649211877,-0.47023344299000835,-0.47473034428376115,-0.19056001789973764,-0.2405709305945361,-0.8811185695505855,-0.9943262073574882,-1.0204689825516857,-1.016598509901298,-0.982384745355088,-0.9499320553512496
10.234113712374581,-0.3028517006562611,-0.3092384776256241,-0.5094873207363253,-0.5292083450519661,-0.25112601312582794,-0.30412550758428947,-0.8681499417845846,-0.9812753033338315,-1.0132372258508666,-1.0085552642651472,-0.9610360893630185,-0.9325465289114525
10.334448160535118,-0.36027638674577844,-0.3549896396002405,-0.502484523921638,-0.5240061914268914,-0.314642694870631,-0.3613354912236927,-0.8547000417093813,-0.9682575812943419,-1.0102050796822615,-1.0085443699943484,-0.937214767653044,-0.9127049258637309
10.434782608695652,-0.39616449882075944,-0.40608953316575563,-0.4734061395062201,-0.47422809203953575,-0.3860765409931372,-0.4058964300509857,-0.8418947591010089,-0.9548853101554342,-1.0103426692536246,-1.0154563573708872,-0.9111446764366884,-0.8914835707267151
10.535117056856187,-0.40817474521808456,-0.46909887915354864,-0.45088723536265085,-0.4104157793299868,-0.4673678058964642,-0.4335536853380456,-0.8306724560813052,-0.9408216417186154,-1.0111280197243926,-1.0249771411975086,-0.8828963022600246,-0.8701520105489834
10.635451505016723,-0.39826005138971016,-0.5412501427897553,-0.4541722279141818,-0.364706387541876,-0.5528328618216185,-0.44288979135745715,-0.8213313119538495,-0.9266640942816816,-1.0096755233975223,-1.0325164890700105,-0.8534195819726743,-0.8497386113416355
10.735785953177258,-0.37208624975589033,-0.6102786533734481,-0.4852487615377597,-0.3576461806649033,-0.6290752283958339,-0.43567308976747693,-0.8132600980006636,-0.9141178417846073,-1.0043705598249297,-1.0354632421108751,-0.8255182526044891,-0.830587047729623
10.836120401337793,-0.33771057501266244,-0.6592135896917273,-0.5313960006035573,-0.39191613922814583,-0.6796590294919408,-0.41674697051897724,-0.8049587726582879,-0.9051275307049392,-0.9957664453261033,-1.0332662358019675,-0.8035107683943851,-0.812111958416302
10.936454849498329,-0.3040346329339867,-0.6743634641959599,-0.5760384629392149,-0.45592297859063186,-0.6921877649656926,-0.39342761211278204,-0.7943187607342099,-0.9004787219099661,-0.9855080506237878,-1.0261243734145606,-0.791208914786891,-0.7928895638187955
11.036789297658864,-0.2794472595226019,-0.6531695415317916,-0.6100623368684475,-0.5337947529345213,-0.6649651671003785,-0.3742638812310138,-0.7790487439880008,-0.8989509762404467,-0.9740305944816486,-1.0139324957071105,-0.7894963108834382,-0.7710539661022553
11.137123745819398,-0.2707000505664827,-0.6074416747616245,-0.6353748480678449,-0.6132405510345439,-0.6101327023659618,-0.3671354371033436,-0.7571160364072254,-0.8977447874314743,-0.9595861499846142,-0.9963948524669076,-0.795517586874833,-0.744817861360017
11.237458193979933,-0.28189246669361107,-0.5590808075699103,-0.6590627044322082,-0.6858662946481301,-0.550587746764307,-0.37715817210188646,-0.7271052138567026,-0.8937438941697299,-0.9398400517811125,-0.9739541788868601,-0.8042295342712731,-0.7129183024052073
11.33779264214047,-0.3136941932256214,-0.5301200834455775,-0.6846082373719543,-0.7431750095221349,-0.510864656821476,-0.4052651790591641,-0.6884584296462748,-0.8845588889757193,-0.9142319719353338,-0.9484060223025969,-0.8109970736386496,-0.6748993377292526
11.438127090301004,-0.36318709860954007,-0.5327965572675957,-0.7080919678909432,-0.7751131003241447,-0.5061619107384806,-0.4480964124432296,-0.6416161948084846,-0.8690174143032866,-0.8846282923905753,-0.9224641256368729,-0.8133647851301178,-0.6312396482439135
11.538461538461538,-0.4245455155121487,-0.5649044383520447,-0.7215541289837339,-0.7736727088917335,-0.5354072473906051,-0.4991438761374527,-0.5880737477829662,-0.8475688022504184,-0.8539866175342586,-0.8985897150301795,-0.8114214561058719,-0.5833218481312563
11.638795986622075,-0.49037698483136405,-0.612004700262038,-0.7194539080869224,-0.7383348754142478,-0.5822421391751679,-0.5506467202359193,-0.5303174135331362,-0.8226198378438234,-0.8246014289577532,-0.8778780617441924,-0.8072316288607688,-0.5331941140544193
11.73913043478261,-0.5533366716181234,-0.6546346154067173,-0.7026693611741034,-0.6785565740699082,-0.6235715539992639,-0.5957258491319768,-0.4715750521947686,-0.7979746459456524,-0.7972462325711578,-0.8594964389068277,-0.8035625650087082,-0.4831133316016864
11.839464882943144,-0.6076323704237809,-0.6772577714824273,-0.6778568397525692,-0.6112805378284748,-0.6414466466962155,-0.6302666640424248,-0.4153573151318713,-0.7769316323464421,-0.7712497288836531,-0.8406891960076781,-0.8019534193382823,-0.4349948381945678
11.939799331103679,-0.6500335376503402,-0.675592840190294,-0.6544017187940931,-0.5555973279178446,-0.6324289424248725,-0.6539170546016216,-0.3648732475577156,-0.7600126957300622,-0.7448844811685253,-0.8171960447105814,-0.8010013021099789,-0.39000847492672747
12.040133779264215,-0.6800374587291071,-0.6592582833792616,-0.6420853311632863,-0.528250351558263,-0.6097951223766898,-0.6697018980717908,-0.32249643999498945,-0.7440569272226772,-0.7158451167118163,-0.784132444424086,-0.7962133615272299,-0.34851059591383854
12.14046822742475,-0.6991534623634337,-0.647977918449691,-0.6500752244668486,-0.5414518372357411,-0.5973638221419232,-0.6824143280951988,-0.2894433520402562,-0.7234800390377168,-0.6820568892081523,-0.7374128478278072,-0.7816603260044617,-0.31029575469608167
12.240802675585284,-0.7097258765738635,-0.6623983043799309,-0.6860167982786057,-0.6017259278311019,-0.6178264928331276,-0.6966022622616941,-0.26570600208511336,-0.6928328919504949,-0.6426607043921113,-0.6752571066018925,-0.7522235806795632,-0.2749750639506007
12.34113712374582,-0.7139013781465363,-0.7135109464811343,-0.7543104516530866,-0.7082391363649636,-0.6812155881064009,-0.7150097902884763,-0.25016950593810244,-0.6491547776128026,-0.5983961356757588,-0.5989537404039906,-0.7052756382986427,-0.24228212361920537
12.441471571906355,-0.7131099216376583,-0.7957606373294337,-0.8532458155945238,-0.8504388970210174,-0.77902244195061,-0.7378746630542329,-0.2408303771082671,-0.5932661945559115,-0.5509390427025753,-0.5127274097090059,-0.6416732845428474,-0.21221634285534136
12.54180602006689,-0.7080930794427286,-0.88744705637447,-0.971286225850197,-1.0061984524699836,-0.8866411731943761,-0.7630854501085936,-0.23508377692275537,-0.5297408798667043,-0.5019258677535294,-0.42350489784456874,-0.5661602828069136,-0.18502411640577654
12.642140468227424,-0.6993749148489736,-0.9587696658008393,-1.0849576648051287,-1.1432995805590023,-0.9730616272475842,-0.7870767092358458,-0.23007784265125097,-0.465330890738083,-0.45304662782891963,-0.3408774410581354,-0.48659164499666685,-0.1610482235055219
12.74247491638796,-0.6880209809898885,-0.9843212091450944,-1.1631351808950348,-1.2276897131199698,-1.0137664849953656,-0.8062431773079097,-0.22310394440801307,-0.4061718863943433,-0.40750873683712685,-0.2757635545904514,-0.4115075196479739,-0.14049442805453333
12.842809364548495,-0.6763520387409365,-0.9544501081064966,-1.1799942818048472,-1.2378905999806475,-1.0011299520755321,-0.8184129141400944,-0.21194873017251933,-0.3553172599703693,-0.37085207989721297,-0.23632070394791893,-0.3470364697283812,-0.12320857861128233
12.94314381270903,-0.6680992904095144,-0.8798719889693681,-1.1303844126871578,-1.177589181238346,-0.9470454771586345,-0.8237449486427096,-0.1951413208322763,-0.312224301870277,-0.3486127224735357,-0.22322451833452933,-0.2950966296911304,-0.10859050086584042
13.043478260869566,-0.6676640885284472,-0.7870426333674483,-1.0360549872666154,-1.0766550285500163,-0.8763051521070792,-0.8246178876450921,-0.17208880883751135,-0.2741298344230985,-0.3419099203383104,-0.2288486529469559,-0.2539052803380871,-0.0957258780915369
13.143812709030101,-0.6786953787791606,-0.7069085524004356,-0.9374869052900582,-0.9787928944210066,-0.8147467630682543,-0.8246052526937633,-0.1431417001111966,-0.23794102023390593,-0.3454705749992326,-0.24145240504697896,-0.2200643972381788,-0.08369327144041967
13.244147157190636,-0.7026668102093181,-0.6629147256739121,-0.8770345273291503,-0.9235023218840778,-0.778697029563087,-0.8270987202880362,-0.10961862111364615,-0.20172980620338146,-0.35021928991619955,-0.25060457952537,-0.19088637262304683,-0.0718884956890328
13.34448160535117,-0.738147248401059,-0.6632349502666847,-0.8825614786992111,-0.9317810213179434,-0.7700788231993102,-0.8342576082892819,-0.07376553586063074,-0.16577531167364537,-0.34743066681290535,-0.2501388016606371,-0.16601201435907503,-0.06019257915196849
13.444816053511706,-0.7811072105151455,-0.6991066305594237,-0.9571682485510635,-1.0003366520230543,-0.7778887075826729,-0.8467582916538432,-0.03858485461761155,-0.13292426595904405,-0.3307257368424905,-0.2381880004946306,-0.147545128786264,-0.04889897534427392
13.545150501672241,-0.8261735326003026,-0.748933233655411,-1.0772661200970741,-1.1044894190625936,-0.7845615829768445,-0.8644097949788797,-0.007480442913097973,-0.10752014526805881,-0.295811115923009,-0.2154558921989966,-0.13811123020879892,-0.038444130859203236
13.645484949832776,-0.8683706091350464,-0.7869067509591418,-1.200091638932695,-1.207994206416823,-0.7747731544922525,-0.8872113443293876,0.016274765940729047,-0.09272315303513418,-0.24040584150448113,-0.18270218531999383,-0.1375328695973168,-0.029077622230927323
13.745819397993312,-0.904641166888035,-0.7937744535851228,-1.2798967733810402,-1.276816159700517,-0.7431689540099432,-0.9161152125407463,0.030156066178754836,-0.08773151474708941,-0.16572128455606164,-0.13887590137792838,-0.1406721180045184,-0.020622519344159197
13.846153846153847,-0.9344979221811811,-0.7653713434620638,-1.2874856273605289,-1.2919454778533317,-0.69693988502925,-0.9529318785616667,0.03292801018442761,-0.08733916253977013,-0.077970532641505,-0.08195020074933015,-0.13895772223513497,-0.012417006224395555
13.946488294314381,-0.9596035001505365,-0.7139453374533341,-1.2231901819695776,-1.255495609529545,-0.6514194841236381,-0.9994205583239385,0.024947949337202163,-0.08464418666313926,0.012839954799432781,-0.01242922914149191,-0.1250426908378838,-0.0034371504923144487
14.046822742474916,-0.9826121373781334,-0.6610389281329884,-1.1151661250283125,-1.1873911322316175,-0.6217920236592396,-1.056119211936407,0.00816081198166884,-0.07484200306348067,0.09704972240093766,0.06399630253243603,-0.0969492190815984,0.007466882082509812
14.147157190635452,-1.0058106836276721,-0.6265895791665135,-1.004293598375771,-1.1151826434197203,-0.6166780285761531,-1.1214543457775163,-0.014160308261138692,-0.05727977257137654,0.16904533078373968,0.13766681227214994,-0.058763126707436136,0.021306282707856852
14.247491638795987,-1.0299743817327431,-0.6207829806587037,-0.9253438297410377,-1.0621346986806348,-0.6364959668120851,-1.1913393278253108,-0.03780828248585849,-0.03491683614627868,0.22766140308683497,0.1988246859713978,-0.018263683209647243,0.03873170723898474
14.347826086956522,-1.0537444693700904,-0.6417161825916358,-0.8939559429484549,-1.0379809273165064,-0.6750495336703011,-1.259313867953879,-0.058088280209717826,-0.012217089780972459,0.2743490783466042,0.24114756762806266,0.01644215007607933,0.05991223801029476
14.448160535117058,-1.0738217129321452,-0.6780471096363966,-0.9035204606332571,-1.0354665250036452,-0.7219937669030236,-1.3173580740412236,-0.07031935435613057,0.007298856056112001,0.31182329516600227,0.2638645983158272,0.040097335844874994,0.08456376550422771
14.548494983277592,-1.0860842932214576,-0.7146220777222632,-0.9314894522089227,-1.0345865176675773,-0.7657870713175009,-1.3574511780996104,-0.07043746960077817,0.022959052199536093,0.34374764673770275,0.27250463224856,0.052886298818829856,0.11213563989505994
14.648829431438127,-1.087247187282192,-0.7390007521495219,-0.9518442799899131,-1.013545789729001,-0.797284430970618,-1.3735275737182784,-0.05568647574350328,0.037401980563322355,0.3739443694254623,0.27732784403644245,0.06125053674089265,0.14207785143307702
14.749163879598662,-1.076224723305366,-0.7463720700278597,-0.9481929662287082,-0.9612915274856244,-0.8125180032227417,-1.3630410459685263,-0.02523964047470786,0.0550576444573767,0.40438803033650383,0.28866349000537694,0.07529654437534758,0.17402913278944956
14.849498327759198,-1.0544708052783054,-0.7406871271874006,-0.9213399931458329,-0.884738775075334,-0.8127844003163429,-1.3274267482300155,0.019512661053623207,0.07945053840586189,0.43338899609660336,0.3113036679221824,0.10335803386760063,0.20778065253328723
14.949832775919733,-1.0252768402866055,-0.7318122073615609,-0.8878434327034729,-0.8069073192095625,-0.8025012133115375,-1.2714012605628708,0.075201904874583,0.11123338827767613,0.45582120900289025,0.34216571824549324,0.14737154433238,0.24300771446685523
15.050167224080267,-0.99263169395255,-0.7305909462652156,-0.8707901577220769,-0.7572765888764854,-0.7869629168828568,-1.2016479522777566,0.13720258596491433,0.14819341044659073,0.4653449829773017,0.37295340003764327,0.2024998034516854,0.27893242564767773
15.150501672240804,-0.9602270634568181,-0.7441528086100067,-0.8875528048696436,-0.7587585048579939,-0.7707276177408956,-1.1254763369156993,0.20058159356498148,0.18670770282513263,0.4568550602613684,0.39515181531099053,0.2606259094728034,0.3141520526663223
15.250836120401338,-0.9307724835400877,-0.7730746562518234,-0.9400245554346295,-0.8164447108085269,-0.7560078079489793,-1.0497116778697366,0.26098970540907146,0.22328068096887374,0.4280443388049257,0.4038090135723706,0.31441345491723627,0.3467868184458951
15.351170568561873,-0.9055584971319276,-0.8112577132841706,-1.0114822727280786,-0.9128728552391797,-0.7415907877640119,-0.9798463445169767,0.3153031450250317,0.2553526621373299,0.380753875730748,0.39923210857555597,0.359366289182953,0.37492305765866185
15.45150501672241,-0.884301626390056,-0.8484894846842065,-1.0718862114373475,-1.012770716148324,-0.7239486942526725,-0.9194969106074662,0.3619162996976055,0.2814233934564702,0.32275533033015114,0.3873612647091269,0.3938112537990669,0.3971612270676475
15.551839464882944,-0.8654024844000223,-0.8742643535125694,-1.0901378935666286,-1.0764074773572618,-0.7006357125713912,-0.8702685683071576,0.40064908067431754,0.3009630795110207,0.2683360100945085,0.37850704830385307,0.4180748564283436,0.41301561167305545
15.652173913043478,-0.8466369988474656,-0.8806410558143528,-1.0476713013940218,-1.0756620465213134,-0.6734106305487199,-0.8320706200980078,0.4323148127189964,0.31458767640382845,0.2347441346556322,0.38356411252620665,0.4338006693845169,0.4229893569065533
15.752508361204013,-0.8260816978693014,-0.8631026555918024,-0.9457326834868205,-1.0043398638756704,-0.648342763707038,-0.8037598101133643,0.45811133529812337,0.32451247400922073,0.23454901693363764,0.4089842125690863,0.44352106402316843,0.4283244242923287
15.85284280936455,-0.8029312529313202,-0.8205671097203999,-0.802886736228788,-0.8778393172871739,-0.6329805037128295,-0.783826052369325,0.4790839621255313,0.334572883121497,0.2690592747153228,0.45388980633372905,0.4502282952337152,0.43059724272027505
15.953177257525084,-0.7778858281902788,-0.75613491860843,-0.6468083628826384,-0.7246538938798529,-0.6331058997852128,-0.7708173220880176,0.4958794164119344,0.34904086376965293,0.32822927241570654,0.5112670772504643,0.45683481099423984,0.4313892997726665
16.05351170568562,-0.7529645115001519,-0.6783018021541904,-0.5067259070503731,-0.5761801112083245,-0.6510695046540108,-0.7633709965850656,0.5088517195338242,0.3705536102499887,0.396643942885354,0.5717109368189354,0.46562593869261065,0.43217485482759926
16.153846153846153,-0.7308351048131608,-0.6007437802667558,-0.4085647096583848,-0.45920590183895893,-0.6855713053457176,-0.7599337742992547,0.5183908726865203,0.3986579707277417,0.46038535084907656,0.626765565523962,0.47791983218544326,0.434407245038693
16.254180602006688,-0.7138771913797748,-0.539341164262995,-0.3709399952769654,-0.3915929597188729,-0.7317395440605735,-0.7583328484108283,0.525256853442049,0.43036849135464644,0.5106448857957642,0.6704047687912932,0.49422405520610885,0.43966686255622783
16.354515050167226,-0.7031913041789263,-0.5070645987006268,-0.4007628099137409,-0.380182947615792,-0.7810900266633563,-0.7553402706984366,0.53075532434619,0.46265990571416743,0.5438483626346817,0.6992174604823695,0.5149677880902087,0.44971738009992346
16.45484949832776,-0.6977744333521595,-0.5088880191016997,-0.48999037480200797,-0.420663675421858,-0.8221389397257561,-0.7464193056770614,0.5367015556562583,0.49513190675777563,0.5603798317120205,0.7123967450369587,0.5412310938755098,0.4663695352935617
16.555183946488295,-0.6941635446285515,-0.5391056428539281,-0.6163125014873312,-0.49975897861939556,-0.8427311474433002,-0.7259577704782365,0.5451826190366961,0.5306212218169292,0.5636346444754218,0.7118386744793465,0.574486515091202,0.49111602099147167
16.65551839464883,-0.6868766911026153,-0.5824781136493163,-0.7489512545799105,-0.5993512297475669,-0.8340799260697338,-0.6882671440716329,0.5581369436335355,0.5730016715466539,0.5594766430925389,0.701891079328406,0.6151288985099145,0.5245780563961022
16.755852842809364,-0.6698043249450913,-0.6190709250199354,-0.8575897829842482,-0.7007451275958169,-0.7947064798921064,-0.6293122974480543,0.5768032674992334,0.6238515618045872,0.5551896247792995,0.6884530490015113,0.6610534294920684,0.5659347852694745
16.8561872909699,-0.6382951835535938,-0.6311074624065409,-0.9204600780191811,-0.7871150600442126,-0.7314873046539382,-0.5486671367828506,0.6012027705555846,0.680748929184278,0.5575958602794674,0.6778126753581036,0.7079355423194283,0.6126527931205672
16.956521739130434,-0.5911774088885073,-0.6093558200587474,-0.9284407457510813,-0.84394930668708,-0.6564207208580028,-0.45087133103004035,0.6299340780912519,0.7383942992134477,0.5711035416933383,0.6757109209865964,0.7512825487310378,0.6608302673328339
17.056856187290972,-0.5316992166651426,-0.5567408620965401,-0.8845359969287357,-0.8592274853513526,-0.5810221642578165,-0.3454226935056593,0.6605076618302599,0.791218384888416,0.5966294952601628,0.6864526980950273,0.788459242291108,0.7061875105963705
17.157190635451506,-0.46675393221327144,-0.4876364313020535,-0.8001271965425686,-0.8250466422080277,-0.5123773099591287,-0.2451100595256111,0.6901563109187909,0.8352892992353103,0.631772111510495,0.7116641913535985,0.819032144657094,0.7453013439514998
17.25752508361204,-0.40469733963355725,-0.422668110259222,-0.6903326876717611,-0.7408675625043541,-0.45329731437524934,-0.16309924078598267,0.716728221932504,0.8685557451128714,0.6720286704137821,0.7491289306226814,0.8436469190827711,0.7764531592412413
17.357859531772576,-0.35285918139089784,-0.3809220258223948,-0.5708804184051048,-0.6171248753303812,-0.4051037151694579,-0.10976401184350845,0.7392000528084883,0.8900467431637666,0.7123821228892622,0.7928546564568517,0.8629167454963443,0.7996809502258421
17.45819397993311,-0.3158365369788216,-0.3728577323886693,-0.4573381798465051,-0.47689037207959434,-0.369362113535992,-0.09032493517606893,0.7576086901855981,0.8992999488277169,0.7485202063309689,0.8350087462272642,0.8772711511712817,0.8161414078430603
17.558528428093645,-0.29495390971769464,-0.39657032392757774,-0.36482860474644774,-0.35265164080839567,-0.3466273671344857,-0.10388593413363131,0.7725615305070439,0.8967727327112922,0.7775553093895258,0.8689737349352076,0.8874217238456187,0.8272870320981541
17.65886287625418,-0.28857987390874523,-0.4382435800784769,-0.30555156202538936,-0.2766404771089547,-0.3338299259792444,-0.14384112802946963,0.7846818056572067,0.8847877597152118,0.7985626817044049,0.8916715088736278,0.8945897122958966,0.8343672669372596
17.759197324414718,-0.2928161687049835,-0.47642072197386975,-0.28417347663022385,-0.2674085190238019,-0.32326853764563224,-0.19929256637817436,0.7943027540123796,0.8677854088426596,0.8128694012125823,0.9037027968447968,0.9002148966234301,0.838433280584011
17.859531772575252,-0.3023390804560277,-0.4891283462397679,-0.29434931734937575,-0.3196609574548844,-0.30440386576248407,-0.2571153441942009,0.8015256528641966,0.8511279739914132,0.823588298765425,0.90783849217478,0.9055434185876116,0.8406385903496557
17.959866220735787,-0.31140802250873567,-0.4620110394839316,-0.3192803977152461,-0.40396825943775116,-0.26776113472293245,-0.3043424508566735,0.8065282666548723,0.8390347987923574,0.8342875342107564,0.9077340030792656,0.9114399019287135,0.8424439783248553
18.06020066889632,-0.31493606457848633,-0.39458887664835396,-0.33615201722126953,-0.4772762294971367,-0.2099222777146371,-0.3304153149973264,0.8098691148613639,0.8331390189034732,0.8474922876486431,0.9075216226733731,0.9182995418773553,0.8454549831159944
18.160535117056856,-0.30923449489871846,-0.3016443254567583,-0.3227863445098532,-0.4991937200199682,-0.13788697335886063,-0.32872677562200875,0.8125517006931869,0.8326509204159115,0.86386754972707,0.9110829336723462,0.9258906028971104,0.8509287653856001
18.26086956521739,-0.29211684167885843,-0.20833550808935994,-0.26538279557568023,-0.4471550109318348,-0.06933323290867136,-0.29710879529710904,0.8157676835030915,0.835631886060748,0.8821979506320333,0.9202523171952098,0.9333577919373851,0.8592385288455352
18.361204013377925,-0.26258346546772954,-0.1405433931175372,-0.16544112781754763,-0.3249963541981978,-0.02594821354014224,-0.23746182783768655,0.8204246378935885,0.8401001448059153,0.8997640919417507,0.9333273172319172,0.9396131348599581,0.8696148203790223
18.461538461538463,-0.22067665795197713,-0.11461133873394858,-0.04182251702009896,-0.16192232925553474,-0.022046280839445796,-0.15506827368509712,0.826691025023877,0.8444726924183242,0.913174612045849,0.9459439406726711,0.9438778826991819,0.8803323235827087
18.561872909698998,-0.1677558703415606,-0.13099849917167397,0.07531114958231507,-0.001822149841485169,-0.05572847653636491,-0.05790871795776522,0.8338135044891467,0.8479223038420369,0.9199333882268896,0.9542383389485347,0.9460897592616919,0.8893021104027679
18.662207357859533,-0.10678673448480272,-0.17410161665910326,0.15671141362122898,0.11330490058324055,-0.10878797687196287,0.04416822209474516,0.84035026180592,0.8509324386364768,0.9200148518183427,0.9575510228870968,0.9470857925429668,0.8948414349789471
18.762541806020067,-0.04207316477933776,-0.2177643441813868,0.1856650098762751,0.1588976406451816,-0.1549679911127491,0.14069114243175246,0.8447450100396617,0.8551980510709032,0.916007517873314,0.958157353922687,0.9482571219170243,0.8962896425507181
18.862876254180602,0.021656422020540172,-0.23445543244375666,0.1633659277352158,0.13577368660634723,-0.17079161108204863,0.22216233797435403,0.8459697201767686,0.8620982508204317,0.9114016792378107,0.9586079439356286,0.950500660461992,0.8941924122812591
18.963210702341136,0.08032462351368586,-0.20509547640541703,0.10750484429751192,0.06819866996190917,-0.14351078949975438,0.2815706085266491,0.8439253668996227,0.8706575521008717,0.9082976663031987,0.9595196149508349,0.9532021664588514,0.8899824564332551
19.06354515050167,0.13114362292735993,-0.12584138248952575,0.04629528260667519,-0.005537603436376336,-0.07433743041582716,0.3153681863536514,0.8394220503676599,0.877072156962348,0.9063797926799517,0.9596521394273566,0.9543167321256532,0.8853254699022497
19.16387959866221,0.1726382338939469,-0.009161654218474648,0.009430252766338569,-0.046056544673869264,0.022671515725877795,0.32378368727848467,0.8337677711181427,0.8766836205277911,0.903834512466061,0.9574809870478302,0.9516442309359557,0.8814408784785934
19.264214046822744,0.2044115035704313,0.1208112802232817,0.017725990438912317,-0.025860523720417666,0.125501239710224,0.3106498444855644,0.828169129034012,0.8669044954094405,0.8991539797021469,0.9522535003289307,0.9442873508317633,0.8786887695685817
19.36454849498328,0.22710999829257353,0.23650014502591335,0.07551358423758958,0.06109955935180077,0.21150243632360294,0.2829040363393688,0.8232203071359602,0.8487486179313138,0.8922946436011756,0.9437467907911752,0.9331841722584555,0.8765606993040496
19.464882943143813,0.24260166266643568,0.31593180662536896,0.16987781421574627,0.19689433654761368,0.26434206961538875,0.2496686788851625,0.8187112536192968,0.8260191857943211,0.884638408278758,0.9318914795233483,0.9204666350438998,0.874001325000673
19.565217391304348,0.2539101176803893,0.3499321156360681,0.27658239859620665,0.3458554657199834,0.2781951727404756,0.2207522834244227,0.8138355680997045,0.8031228937385949,0.8782566507075233,0.917469944468103,0.9082741684532026,0.8698322438378336
19.665551839464882,0.2645485152701842,0.3450123643398966,0.3685644072781401,0.4673862411548358,0.25910984579121865,0.20475085614795568,0.8076736129775798,0.7831270666259352,0.8752217479068103,0.9031648592099887,0.8977437447784985,0.86304658972527
19.765886287625417,0.277522944428045,0.320738530114871,0.42373777920821454,0.5303706104816555,0.22430238467703295,0.2073607475991497,0.7996751552343839,0.7668699659100588,0.8771596027534555,0.8930899656559916,0.8884934407259002,0.8528907137320987
19.866220735785955,0.29469490347912974,0.30257965666440534,0.431608984344904,0.5242375972096069,0.1985630377357075,0.23052134476918648,0.7898777044588132,0.752933114387618,0.8845856585968337,0.8903069928911997,0.8787032049055638,0.8388224647595105
19.96655518394649,0.31683651795663004,0.3129602398342463,0.39780476744965376,0.46309559022290375,0.20654159503293484,0.27251227221871616,0.7787677504087978,0.7382744883800386,0.8959493185324209,0.8941950366206314,0.8658032120045145,0.8204979121233102
20.066889632107024,0.3440102144543429,0.36370424044133176,0.3435958864810039,0.3810642087449095,0.2627102801037563,0.32862884936996395,0.7668975382302273,0.7197729832775459,0.9073888297046211,0.9000994789046513,0.8476227525116314,0.7978656090544891
20.16722408026756,0.37576082582046305,0.45240367621532157,0.29884085889919765,0.3197145763604371,0.3641769464191285,0.39204490812857656,0.7544819399142246,0.6964633338556658,0.9139934762280877,0.9016160870086252,0.8237832022041888,0.7713163967220095
20.267558528428093,0.4111303486949728,0.5636981196579328,0.2911369000704337,0.3120930814453731,0.4908252603248313,0.45486467449374834,0.7411774959967081,0.6710321737738322,0.9117340279539523,0.8935337206118118,0.7968424860256225,0.741744093358639
20.367892976588628,0.4488933194279486,0.6747091449265291,0.33629380869630715,0.37003770282693355,0.6127906974980377,0.5096103885677263,0.7261310166309719,0.6489860871390618,0.8985061010405629,0.8735803795271071,0.7721633355825677,0.7103895439086556
20.468227424749163,0.4881215792764575,0.7627389117189904,0.433384826783986,0.4804679093859931,0.70147921982563,0.551090002849969,0.7082552866874834,0.6356226529942186,0.8739402979398118,0.842944502550446,0.7557974834315159,0.6784767902718883
20.5685618729097,0.528631310114705,0.8126969948413172,0.5647367503985138,0.6120666361922944,0.7398317446776924,0.5779633664999483,0.6866079905868351,0.6329746454457683,0.8390384616286573,0.8062150079965336,0.7512902398452085,0.6468163014183712
20.668896321070235,0.570798664459851,0.8214865902602279,0.7002931743112785,0.7285378912095055,0.7286471137425411,0.593056160306871,0.6607390562978811,0.6389780321737487,0.7965253145164092,0.7705067668811144,0.757609328770333,0.6156032646988348
20.76923076923077,0.6147987550329483,0.7976427949897466,0.8058399299226531,0.8018188038529013,0.6864969051998103,0.6020307619576342,0.6309114067810686,0.649003287226438,0.751372950259403,0.7433277405157775,0.7697331529060149,0.5845192108255529
20.869565217391305,0.6598933620646389,0.7570144748843142,0.8536594301256574,0.8201092076702176,0.6422151381441931,0.6110728607990488,0.5981522084086262,0.6579018979767954,0.7100992804246042,0.7298801020367907,0.781259123853512,0.5530557136879942
20.96989966555184,0.7043180396781646,0.7172623135221213,0.8323447311766643,0.7892617741350451,0.6225206135484462,0.6248310089681804,0.564132718290958,0.6609988659703744,0.6783466430538136,0.7312130462255819,0.7869188542193251,0.5208788252978436
21.070234113712374,0.7457369750632048,0.6934907911190438,0.751532100249263,0.7285046178457998,0.6407934608065528,0.645434877972833,0.5309071061739422,0.654238660991398,0.6580819027930928,0.744032468763825,0.7836071507667669,0.48808822977118277
21.17056856187291,0.7818457045835715,0.6953705064045861,0.6390641266660388,0.6624885342752057,0.692713736174748,0.672566189451111,0.5005676724532584,0.6345417683308195,0.6465434407157065,0.7620183785917696,0.7702619761634159,0.4553158709965135
21.270903010033447,0.8108318037957615,0.7252339283344184,0.5318776127682276,0.612777995433157,0.7602278849278535,0.7041089092199679,0.4748862031175095,0.6007024323004014,0.6377860938830645,0.7780339174699532,0.7474755642264257,0.42367037899897764
21.37123745819398,0.8317014610872214,0.7774319166874625,0.4645906102509403,0.5923220218727787,0.8206859806497363,0.737006092229356,0.45500737769574656,0.5542640262268176,0.6256269897045798,0.7864273461303065,0.7170056222059104,0.39455127446154553
21.471571906354516,0.8445424295184539,0.8398101900222026,0.4597700973313146,0.6045833709678571,0.8561975781829166,0.7681634532196452,0.44125454628505095,0.4997243533616458,0.6061249629641658,0.7845068225704364,0.6809803628127974,0.3693660182463291
21.57190635451505,0.8506510884476248,0.8972679927941539,0.5224873155424781,0.6459650906524326,0.8595098934603115,0.7952621263207438,0.4331019541536603,0.44383211541499296,0.5786799152679959,0.7724538882874401,0.6410411073499855,0.34921279266039135
21.672240802675585,0.852374558682,0.9361015795209591,0.6403610756064086,0.7088240122820791,0.8351216052691139,0.8172646931380761,0.42933612125966797,0.3941092069980535,0.5457690705333613,0.751665061082605,0.5980245175197911,0.33462430720567043
21.77257525083612,0.8526394024393223,0.9476512500803003,0.7887139504582139,0.7836081643699971,0.7962392042961187,0.8344416098410921,0.4283595519471372,0.35695233683383665,0.5114429963827966,0.7225384523009222,0.5524502083826176,0.3254551845696063
21.872909698996658,0.8543404607156098,0.9304310920779576,0.93852382628954,0.8602469578636655,0.7592680176111096,0.8479625617577522,0.4285196592285033,0.3358246773356754,0.47902130013115957,0.6833994912042403,0.505412850456453,0.3209269918177539
21.973244147157192,0.859838830312593,0.8904142867701259,1.0636961685144348,0.9290306308955895,0.738089989468327,0.8593171139994511,0.42834043366161095,0.3301703495845846,0.44945281601205156,0.6318282396744591,0.4591435548651277,0.3197731445512563
22.073578595317727,0.8706895053433084,0.8393593790183941,1.1452480490603953,0.9810659372201844,0.740243919407402,0.8698537746531918,0.42661410051689175,0.3355957292426432,0.4218643973838154,0.5678610730391623,0.4167740811809712,0.3204081860438246
22.17391304347826,0.8875213010291306,0.7915230718200615,1.1726722269419794,1.0091161326516078,0.7660469686249888,0.8805527305545566,0.4224104902611142,0.34538251807740933,0.39578597071777405,0.4965379270389087,0.38142137462560055,0.3210823038449559
22.274247491638796,0.909923122621169,0.7597936898711104,1.1444184465354879,1.0096016994712398,0.8102181870849516,0.8919506355514932,0.41509283186925844,0.3527054335517808,0.37260113396402167,0.4272277963804797,0.35509850443121427,0.3200264711329786
22.37458193979933,0.9363021029109095,0.7525979705323457,1.0685676881358515,0.9848639179662065,0.8646513649721643,0.9040724842842899,0.4043702888550219,0.3525137610796722,0.3546028263920635,0.36974839317537117,0.3379042649556388,0.3156094051915718
22.474916387959865,0.9638347385014705,0.7725103721493723,0.9628887130815952,0.9437958532446589,0.9209899542621088,0.9163090474828388,0.39033719895665564,0.34226771590430516,0.34263451779922344,0.3300675841443995,0.32764653937594435,0.30651297578284104
22.575250836120404,0.9886744358080828,0.8165797024107843,0.8528444956031069,0.9001581709187271,0.9722090203557999,0.9273202274115069,0.3734236178726331,0.3214828880770998,0.33450090236992436,0.3083767934875173,0.3199027268569224,0.29190513241706045
22.67558528428094,1.0064904583340524,0.8776395385972509,0.7668927659536335,0.8694107435621516,1.0130621272812366,0.9351412060681061,0.3542266651689566,0.29077943573818227,0.3251250784416833,0.299791805247743,0.30863099558002743,0.2715645895473572
22.775919732441473,1.0132895892235305,0.9457425865854394,0.7292826406897563,0.8648149677867867,1.0397564009508236,0.9376377233513322,0.3332659989308311,0.2513014084130832,0.30777201526800746,0.2959379284374376,0.28751108020504096,0.2459038481110065
22.876254180602007,1.0063792490417476,1.0092321656039998,0.7513377633905244,0.8928217019702763,1.0494260022262833,0.9332706231217487,0.31075907413428616,0.20486080787780198,0.2756400619849222,0.28631430573201977,0.25189481151550447,0.21586377709577315
22.976588628762542,0.9852581912876238,1.0555845136343571,0.8241577836730081,0.9484515889427523,1.0399122870027424,0.9218758106297016,0.28651384094363636,0.15441315770342548,0.22429408284367455,0.2603282901212279,0.20071775495536073,0.18271454051263555
23.076923076923077,0.9521595067263168,1.0729452571726663,0.9183193463738418,1.013865132299431,1.010249631599305,0.905047667144036,0.259985479628289,0.10412816235880315,0.15513156205147494,0.2111048648460521,0.13743641551023814,0.14785340814879655
23.17725752508361,0.91197519575818,1.0534927642129641,0.9951082630170234,1.0643934806911486,0.9620337244016793,0.8858794967797436,0.2304629045795686,0.058672904028066145,0.07738871202403123,0.13959233366242615,0.06933570401966074,0.11268120153164686
23.27759197324415,0.8714342390944753,0.9980544525302015,1.0256031584030807,1.0815814145613745,0.9010385497551003,0.8681614636564362,0.19728759911061514,0.022007896877809956,0.005170477332703334,0.05540115955234503,0.005320670474874652,0.07855857987649431
23.377926421404684,0.8376815637930068,0.9186880552990111,1.0050895335286791,1.0647831312193639,0.8373773072863822,0.8553914035470105,0.16000848026058034,-0.003671259934752307,-0.04951886358357816,-0.02705566129819007,-0.0468674755161846,0.04676054863709548
23.47826086956522,0.8166772263942705,0.8359755719920822,0.9526206308144725,1.031718106754598,0.7828234832731591,0.8499639158895401,0.11844218869121356,-0.01846110965780508,-0.0818920491560908,-0.09426057903958271,-0.08280656695230997,0.018339899336780114
23.578595317725753,0.81190784559201,0.7716454674888112,0.8979333315666462,1.0074408062771572,0.7461822062233937,0.8527467664164532,0.07268120416271821,-0.024795737489439466,-0.09414397739333591,-0.1373481305741585,-0.10231962832284361,-0.006115266168437724
23.678929765886288,0.8237185747039846,0.740589310260008,0.8661547251057534,1.0101364025067576,0.7296138243046497,0.8630859382220605,0.023111245313024886,-0.02722981026626474,-0.09226659525465802,-0.15308547193978808,-0.10942574037485911,-0.026746327998766334
23.779264214046822,0.8493067401275265,0.7459868707236257,0.8682213444698129,1.0423041106624789,0.7283129229609627,0.8791806591788149,-0.029542645277094888,-0.03195002264270123,-0.08330984250753508,-0.14356457480800716,-0.11161325839317907,-0.044568917111730506
23.879598662207357,0.8832842822896797,0.7788235719254196,0.8986921900860281,1.0904416133498374,0.7335776779408681,0.898714932361782,-0.08418007708990913,-0.0456431685220117,-0.07352517530063969,-0.11563513954074917,-0.11805010901518335,-0.0613711255074056
23.979933110367895,0.9187405797190128,0.8215457609824488,0.9396750845147075,1.1318455737081734,0.7374663202715228,0.9195641523724353,-0.13935844535917907,-0.07345853885857777,-0.06679395198896305,-0.07964281073457329,-0.13639760282981298,-0.07933181413854497
24.08026755852843,0.9487421140187282,0.8551280975237857,0.9692669266240401,1.1451061133070957,0.7371602126862704,0.9403246274616693,-0.193414427127509,-0.11665877085676671,-0.06406589390150062,-0.04671967345821295,-0.1693160825410449,-0.10045762038813669
24.180602006688964,0.9680084310177205,0.8676939150527119,0.9717748322646551,1.1198871070104641,0.737690514110027,0.960431766088092,-0.24462404927293796,-0.1713711350651933,-0.06463966660164343,-0.025190462775814458,-0.21285274987642855,-0.12602884839937736
24.2809364548495,0.9741873082431147,0.8608093279492647,0.9450958461115282,1.0616148327007031,0.7514250005877368,0.9797918532594785,-0.29132252860780505,-0.22948117422250183,-0.0682649542384719,-0.01816895826990009,-0.25783644800840616,-0.1562311417002252
24.381270903010034,0.9681051385105705,0.8493126240434312,0.9012574226439009,0.9888708779375922,0.7928524007051263,0.9980812231738596,-0.33195518903121835,-0.2813227442833559,-0.07617028434296795,-0.024012701215100747,-0.29320325271261016,-0.19004902891518477
24.48160535117057,0.9528418046651519,0.85401522398766,0.8601331185440974,0.9249550912246127,0.8697766767365107,1.0140347780939285,-0.36511292953699775,-0.3188954163296533,-0.0905545940256897,-0.03907207053178177,-0.30954678639313243,-0.22539540730978003
24.581939799331103,0.9321523483861192,0.8912706822695571,0.8401356170895867,0.8876571706038947,0.9756442523219989,1.0250999670657959,-0.3896322264035484,-0.3385240992442257,-0.11354483087416134,-0.060685263515530365,-0.30235602180975407,-0.2594186428175561
24.68227424749164,0.9090692089447266,0.9648551396989081,0.8500333592811494,0.8813632849384501,1.088461382388806,1.027801704412817,-0.4047836321502052,-0.3422300552637067,-0.14651301267706252,-0.0889691295030531,-0.2747474586643028,-0.2889607679967273
24.782608695652176,0.8852965690244862,1.063184543993725,0.8841838527599709,0.894350069335636,1.1780563577414531,1.0189689481908701,-0.4104896076639289,-0.3371211653997905,-0.19001221804252572,-0.12706753604710644,-0.23807487173752256,-0.3111579536738675
24.88294314381271,0.8614988329497333,1.1619355961271118,0.9225751985660148,0.90280744379668,1.2179986809131262,0.9974552059410101,-0.40746825863767105,-0.3327390534127877,-0.24420442604117892,-0.1796595502639733,-0.20845065294737036,-0.3240919916738076
24.983277591973245,0.838114293941018,1.2311259642481338,0.9373685111713176,0.8813410294068675,1.1956766777018906,0.9653831842337034,-0.3972157366659133,-0.33771413508254616,-0.3090281683047959,-0.2497014660277036,-0.20007287525019576,-0.32725370333750275
25.08361204013378,0.8161169222178359,1.2452937629123189,0.9058208872896434,0.8164110316112946,1.115785959439485,0.9279674417200463,-0.3818070639600225,-0.3575753658886796,-0.3830950578491679,-0.33495422773771494,-0.21949945525547082,-0.3215677545064265
25.183946488294314,0.7972519728993042,1.1934472826630274,0.8238625619886932,0.7156505665548623,0.9967930729768836,0.8918685365889978,-0.36359140391619327,-0.3941632052968971,-0.4619069595646069,-0.42723491829214505,-0.26441338726740776,-0.3089805799489949
25.28428093645485,0.7835721614095544,1.0838212669219707,0.7107103670845887,0.6063630832143158,0.8634614491842802,0.8630078203417588,-0.344930869416289,-0.4456707751954216,-0.5378428963706651,-0.5155816216408708,-0.32658799407396044,-0.2919194078561729
25.384615384615387,0.7764507561245957,0.9408692499655475,0.5999759853795044,0.5228817658815464,0.7393917118362345,0.8449039815412677,-0.32810975074861204,-0.5068029382486257,-0.6028348933765548,-0.5907336239971054,-0.39606639276265837,-0.27296702115414606
25.48494983277592,0.7755070425291154,0.7968641050348562,0.5232479176111905,0.49026947941224125,0.6420054251307347,0.8379610042644727,-0.315414543662913,-0.569705332994813,-0.6513637654858618,-0.647392690340125,-0.4641024607066252,-0.25485465535341906
25.585284280936456,0.7779316204911871,0.6826391569457974,0.49669181565102694,0.5138025282947661,0.5803942452090596,0.8395228655283719,-0.3092441771332501,-0.6260986446376718,-0.6814888363367931,-0.6838984793021698,-0.5244110322315012,-0.24061405289564516
25.68561872909699,0.7785399025361833,0.6202998030146918,0.5168901592761661,0.5788464819100207,0.5556169684452184,0.8443836133013277,-0.3120557136920779,-0.6698077945243207,-0.6943798418867678,-0.7015289008200163,-0.5734510771326718,-0.2336230823035646
25.785953177257525,0.770632246930939,0.618730227863006,0.5660180899877907,0.6594959791945213,0.5629014451488448,0.8456500590639561,-0.3260110491012589,-0.698319667275629,-0.6936362562938897,-0.7044125257227242,-0.6103146272190398,-0.23732332175777285
25.88628762541806,0.7475295367137925,0.6722703909656578,0.6228669918626352,0.7307988398412257,0.5945323074149333,0.8360224418451936,-0.3523342088788947,-0.7127025168816967,-0.6843268448166449,-0.6988172517745065,-0.636227111498178,-0.2545414269188416
25.986622073578594,0.704540691480978,0.7627367423654674,0.67383079485907,0.778464174881143,0.6414814349876885,0.8094790112254227,-0.39057050173307534,-0.7163613736140836,-0.6713927308914501,-0.6910463819887943,-0.6536411081389782,-0.2865804808847259
26.086956521739133,0.6410405805700391,0.86404605311087,0.7170281668009829,0.8011481498575437,0.69277658600657,0.7630751431070876,-0.4380935900233676,-0.7136755071585921,-0.6584329315534534,-0.6854089889551829,-0.6653852889011205,-0.33247517343478317
26.187290969899667,0.5621289316503936,0.9479787112061097,0.7563138654469475,0.8043849424911704,0.7341988712594563,0.6983013107433362,-0.4902360456680084,-0.7091998684936625,-0.6482168190610522,-0.684130232229547,-0.6743872081681996,-0.38885997041225845
26.287625418060202,0.47899824228403537,0.9900242464543028,0.7896442239940569,0.7909573896860136,0.7496514368219587,0.6213915210099327,-0.5412211290577935,-0.7072275790104455,-0.644323582372276,-0.6888308952205424,-0.6836728785515,-0.4506641410541531
26.387959866220736,0.4071098386996601,0.9751135082467214,0.8019765806088048,0.7557212747388172,0.7270066939482452,0.5422297298523795,-0.5856607316419578,-0.7110003968228129,-0.6515035225095653,-0.7013346433391606,-0.6957061466830025,-0.5124158840052329
26.48829431438127,0.3621142585056544,0.9027691254827027,0.77048559808971,0.6897644328407734,0.6659321532427049,0.47200981476302944,-0.6200105571083693,-0.721413744897447,-0.6731985366245304,-0.722489019965024,-0.7109813483014633,-0.5696066705020957
26.588628762541806,0.3548796594103153,0.7894999636132914,0.680204014091979,0.5909896433515109,0.5818622336485524,0.4203467457452287,-0.6433912772411148,-0.7362285974724304,-0.7078078461179869,-0.7502686737119137,-0.7272696976171313,-0.6195838621599992
26.68896321070234,0.3877744576977737,0.6653470198331368,0.5393064875746373,0.47264368730259465,0.5017007065559905,0.3927906578086323,-0.6576076139411238,-0.7509570797023104,-0.7477199276031129,-0.7795927053084717,-0.7406791018146108,-0.6617572480412951
26.78929765886288,0.453648197922191,0.5638230038628758,0.38279508827133923,0.36287628400874533,0.4525067022693569,0.3894639266195625,-0.6665938892495741,-0.761085548753551,-0.7832086030864007,-0.8045614545987603,-0.7477881291876898,-0.6972431344204548
26.889632107023413,0.5374244324589741,0.5089158225428276,0.2609787934946403,0.29472093334268984,0.44935262701547307,0.40500079299901115,-0.6755441206436072,-0.7640261373715278,-0.8079173001523284,-0.8212161930044286,-0.7473071118843925,-0.7282113983653808
26.989966555183948,0.6192044043509163,0.5052952129242775,0.21818642036528604,0.29139533454977135,0.48858779860996937,0.4295624159650318,-0.6897959532009047,-0.7599115622769755,-0.8206737466007178,-0.8286590255276591,-0.7407581993981743,-0.7571538914954232
27.090301003344482,0.6778619116245056,0.5363550183841106,0.2719716738900562,0.35401191089967726,0.5489110214028852,0.4506776259436693,-0.7134694050588025,-0.7516412456465349,-0.823239242191469,-0.828571048281693,-0.7323782449882468,-0.7861842651263048
27.190635451505017,0.6948071913129148,0.5709249743749132,0.40243238815412835,0.45771751123820464,0.5990142227303451,0.455792477512019,-0.7480446693274866,-0.7443078990372893,-0.8187217795996272,-0.8246492286650532,-0.7279534167548365,-0.8164244554332173
27.29096989966555,0.657928286196055,0.5759914652942725,0.5567477054078505,0.5585840811934418,0.6091157030674847,0.43525434827155063,-0.7913975830448796,-0.7432980996548259,-0.8130913066017768,-0.8222558196081851,-0.732256407518967,-0.8475961010045409
27.391304347826086,0.5650703536104144,0.5305825664047097,0.6678274009044851,0.6091274664122126,0.5629428012644617,0.3849481322559737,-0.8380201104505158,-0.7513226266994099,-0.8156233162981281,-0.82682708881387,-0.7462042801844141,-0.8780580678602701
27.491638795986624,0.4254887271223898,0.4348711635726216,0.6800518550110717,0.5769748776790097,0.46537133514929263,0.30752007262318176,-0.8808419881937973,-0.766640606371541,-0.8336420651341163,-0.8406596952969503,-0.7661469779703244,-0.9054894633812596
27.59197324414716,0.2580498183755393,0.309609131954903,0.5716526056486453,0.45914110590116186,0.3411893909753685,0.2116286154425468,-0.9141310349240811,-0.7844458479488703,-0.8651692227382676,-0.8607665430677413,-0.7863919269871137,-0.9280568698863079
27.692307692307693,0.08674255289510363,0.18596808763740078,0.3642966146556624,0.28475291044195267,0.2246566076992004,0.10962389296050862,-0.9360022599771437,-0.8002526303309241,-0.898617686254335,-0.880758359449114,-0.8028696051290054,-0.9454546075689976
27.792642140468228,-0.06448689114521186,0.09194148231186634,0.11580371487713757,0.10407244123977545,0.1450903183007279,0.014634474294014028,-0.9490288449007714,-0.8121791669824712,-0.9218238705475509,-0.8955187565942743,-0.8147644182340484,-0.9591293558732811
27.892976588628763,-0.1758057539250602,0.04257585273906825,-0.10093040648494558,-0.03103477432675734,0.11562619666472972,-0.06202133895472377,-0.9585171506185832,-0.8207797121581106,-0.9315423904349432,-0.9041202019418382,-0.823505718839617,-0.9714707059151417
27.993311036789297,-0.23396977194009785,0.03691271083322542,-0.224395025772878,-0.08648839550224534,0.12941570239820813,-0.1125629574128449,-0.9694232515458701,-0.8276354735792624,-0.9337752160433516,-0.908630294901678,-0.831106815351945,-0.9844332423560449
28.093645484949832,-0.23366352562284468,0.060191927185046123,-0.22659203699670166,-0.0581459428840317,0.16308633451145188,-0.13354875610408928,-0.983687085720499,-0.8341657715444929,-0.9356407721290514,-0.9110776328043386,-0.8393138200555267,-0.9984240612474272
28.19397993311037,-0.17823738049872434,0.08895199194028156,-0.12335176922575823,0.02693514179425872,0.18487521427888462,-0.12604515675602854,-0.9994756171068585,-0.8409537545019545,-0.9383629623157748,-0.9120743124086819,-0.8490671192357994,-1.012098860579357
28.294314381270905,-0.07978199639470424,0.09769547039792303,0.030639171794464466,0.12022928042752497,0.16497630993073578,-0.09543869295142464,-1.0126671315624711,-0.8473295488877473,-0.9385007921191846,-0.9116739918794454,-0.8594886625127885,-1.023147933381479
28.39464882943144,0.042027302999644287,0.06628409652002434,0.16091665474138836,0.16910660089990562,0.08583362525334881,-0.05087138482114964,-1.0195697873236005,-0.8512523374568812,-0.9341644285783881,-0.9101971295955908,-0.8671147835435805,-1.0295773282397116
28.494983277591974,0.16264734442076864,-0.013496657793329703,0.20021533966103772,0.13590566387461928,-0.0510155018699342,-0.004159013162048663,-1.0191399002591175,-0.8499023122252103,-0.9274831719427925,-0.9074713700257749,-0.8670251128204209,-1.0306965202868996
28.59531772575251,0.2564897839643318,-0.1344810924419395,0.11304619567715989,0.011600057935238642,-0.22495570429238315,0.03173291774377245,-1.0133001931045806,-0.8412300585641439,-0.9206221498403678,-0.9018571600246301,-0.8561258095899961,-1.027198237904656
28.695652173913043,0.3009700280762702,-0.2753828023806009,-0.0920231820764824,-0.18143244747725057,-0.40325598903364046,0.0443975182202223,-1.0051581326337433,-0.8258718223500501,-0.9118295753725945,-0.8913077183370944,-0.8362844818927269,-1.0202926545120723
28.795986622073578,0.2802572916587145,-0.4066616216542304,-0.36613745331526854,-0.39775713791433454,-0.5512572054096287,0.023749017696182227,-0.9962395338805617,-0.8079754548150194,-0.8979720863732581,-0.8761553419351944,-0.8143485913411285,-1.010448099161952
28.896321070234116,0.18856259604849554,-0.4996881639707114,-0.6369897989622945,-0.5840711666063367,-0.6421592154887807,-0.03618735352946611,-0.984514211459623,-0.7936921551429874,-0.8810012248273971,-0.8606654032618986,-0.7984156689595857,-0.9965068613076362
28.99665551839465,0.032319655422221635,-0.5373293307782405,-0.8329414724311841,-0.6966014596409951,-0.6653647325099328,-0.1357653321263971,-0.9646459516735933,-0.7877549765758222,-0.8697212055921756,-0.8510316946003299,-0.7928875964495024,-0.9757347101069822
29.096989966555185,-0.17009072581347154,-0.5225538636857499,-0.9073159755112753,-0.7160307757021421,-0.6321964296318068,-0.2690972710676864,-0.9306565092644491,-0.7905760748736933,-0.8730896178036412,-0.8509764879791356,-0.7960754170258897,-0.9449067944957681
29.19732441471572,-0.39189396435488083,-0.4799904260073561,-0.8542202624853863,-0.6540829840115548,-0.5751698044655646,-0.42475377058063796,-0.8796566591118157,-0.7983306265223449,-0.8915849796074179,-0.8588847678618639,-0.8021102756493537,-0.9020251469765811
29.297658862876254,-0.6038063921036352,-0.44742994226200505,-0.7093362532620298,-0.5483364350192256,-0.537622377554539,-0.5877419968647097,-0.8144750692433959,-0.8056264177932334,-0.915979758029467,-0.8689559142728142,-0.8049357090122157,-0.8478911956732318
29.39799331103679,-0.7799885226047508,-0.46023292731427495,-0.5356696579940295,-0.4478068396087473,-0.5560768253534498,-0.7422940372676444,-0.7435825173402284,-0.8077889731276097,-0.9343077033134992,-0.8746746439710559,-0.8005059998044902,-0.7867194340858512
29.498327759197323,-0.9020451444396982,-0.5358939692416538,-0.40026422042286186,-0.3953711597169259,-0.6431316764203521,-0.8745353548653414,-0.6782899264196638,-0.8011608715333146,-0.9390742683004181,-0.8711966878199867,-0.7864613071441886,-0.7253938537787754
29.59866220735786,-0.9603745868875576,-0.6652932810275092,-0.3505930069555167,-0.4129389409285658,-0.779272558420777,-0.9739603487241614,-0.6286861735017596,-0.7830318793469733,-0.9281644253436184,-0.855521299092219,-0.762171242291094,-0.6716570601145794
29.698996655518396,-0.9536411947162238,-0.8140571504884097,-0.3994699892752856,-0.4945595509472183,-0.9182085063023803,-1.0335846898462688,-0.6002670155057607,-0.7529727215817485,-0.9010913882072996,-0.8261225259837011,-0.7305530816191922,-0.6319855044287951
29.79933110367893,-0.8878556576833276,-0.9343915770170419,-0.5242513325293893,-0.6108257031827187,-1.0048555434159108,-1.050019895611929,-0.5925957673129584,-0.7143649891427017,-0.8569083899112422,-0.7837682833001611,-0.6986591698165401,-0.6098684666258619
29.899665551839465,-0.7757681265352478,-0.983986089119199,-0.6795430470376924,-0.7227404530375827,-0.9995460491777268,-1.0245347164600143,-0.6002384319109342,-0.6734492254008043,-0.7967043048102207,-0.7329470312237051,-0.6740090313212753,-0.6049747568195387
30.0,-0.6357491189460386,-0.9442318765185711,-0.8162997515420591,-0.7976083422455006,-0.89770155184936,-0.9642451045214199,-0.6152613639225419,-0.6358137460945098,-0.7273160259710753,-0.681735040395658,-0.6591666996167864,-0.6135131750326733
